-- Exported Seed Data from PostgreSQL Database
-- Generated on: 2025-12-14 18:13:18
-- This file contains all data from the database
-- Use this file to seed a new database with the same data

-- Note: Make sure to run schema, constraints, and indexes first
-- Order matters due to foreign key constraints

-- Disable foreign key checks temporarily (if needed)
-- SET session_replication_role = 'replica';

-- Insert employees
INSERT INTO employees (emp_id, name, role, salary, email, phone, hire_date, password_hash, created_at, updated_at, is_deleted) VALUES
    (1, 'John Smith', 'Manager', 35000.0, 'john.smith@coffeeshop.com', '081-234-5678', '2023-01-15', '$2b$12$XmhxUaI4ekjPW5sN/O..MuhGW3eXg70xnNj7Jit/chevAf2ipJR9W', '2025-12-13 14:22:52.241382+07:00', '2025-12-13 14:22:52.241382+07:00', FALSE),
    (2, 'Sarah Johnson', 'Barista', 25000.0, 'sarah.j@coffeeshop.com', '082-345-6789', '2023-03-20', '$2b$12$CQHsok6BNMItHS6kzJmkgeW4PAeInAgNnagIM0G/j45HI5XusyaPG', '2025-12-13 14:22:52.241382+07:00', '2025-12-13 14:22:52.241382+07:00', FALSE),
    (3, 'Mike Chen', 'Barista', 25000.0, 'mike.chen@coffeeshop.com', '083-456-7890', '2023-05-10', '$2b$12$UN5NByCu01zVN4ZC74NKZOy5e.yky77lBRehaWesAwjIOdFJuTWdW', '2025-12-13 14:22:52.241382+07:00', '2025-12-13 14:22:52.241382+07:00', FALSE),
    (4, 'Emma Wilson', 'Cashier', 22000.0, 'emma.w@coffeeshop.com', '084-567-8901', '2023-07-01', '$2b$12$cikOufENgq0zjSRI9CijWOviKcnlmKKJQVGtDLGs/gnJn8/Jn88.W', '2025-12-13 14:22:52.241382+07:00', '2025-12-13 14:22:52.241382+07:00', FALSE)
ON CONFLICT DO NOTHING;

-- Insert customers
INSERT INTO customers (customer_id, name, phone, email, loyalty_points, created_at, updated_at, is_deleted) VALUES
    (2, 'Bob Davis', '086-222-3333', 'bob.davis@email.com', 500.0, '2025-12-13 14:22:53.097856+07:00', '2025-12-13 15:56:10.449332+07:00', FALSE),
    (3, 'Carol White', '087-333-4444', 'carol.white@email.com', 78.0, '2025-12-13 14:22:53.097856+07:00', '2025-12-13 15:56:15.433193+07:00', FALSE),
    (1, 'Alice Brown', '085-111-2222', 'alice.brown@email.com', 2000.0, '2025-12-13 14:22:53.097856+07:00', '2025-12-14 01:02:35.660503+07:00', FALSE)
ON CONFLICT DO NOTHING;

-- Insert ingredients
INSERT INTO ingredients (ingredient_id, name, unit, created_at, updated_at, is_deleted) VALUES
    (6, 'Flour', 'g', '2025-12-14 02:23:27.992816+07:00', '2025-12-14 02:23:27.992816+07:00', FALSE),
    (7, 'Cocoa Powder', 'g', '2025-12-14 02:24:04.455412+07:00', '2025-12-14 02:24:04.455412+07:00', FALSE),
    (8, 'Eggs', 'pieces', '2025-12-14 02:24:28.658439+07:00', '2025-12-14 02:24:28.658439+07:00', FALSE),
    (9, 'Butter', 'g', '2025-12-14 02:24:50.656276+07:00', '2025-12-14 02:24:50.656276+07:00', FALSE),
    (11, 'Water', 'ml', '2025-12-14 02:28:08.730903+07:00', '2025-12-14 02:28:08.730903+07:00', FALSE),
    (3, 'Sugar', 'g', '2025-12-13 14:22:53.106727+07:00', '2025-12-14 02:37:09.984268+07:00', FALSE),
    (5, 'Chocolate Syrup', 'ml', '2025-12-13 14:22:53.106727+07:00', '2025-12-14 02:40:57.021569+07:00', FALSE),
    (2, 'Milk', 'ml', '2025-12-13 14:22:53.106727+07:00', '2025-12-14 02:41:00.932014+07:00', FALSE),
    (1, 'Coffee Beans', 'g', '2025-12-13 14:22:53.106727+07:00', '2025-12-14 02:41:07.699788+07:00', FALSE),
    (4, 'Vanilla Syrup', 'teaspoon', '2025-12-13 14:22:53.106727+07:00', '2025-12-14 02:41:28.633988+07:00', FALSE),
    (10, 'Baking Powder ', 'teaspoon', '2025-12-14 02:25:46.201927+07:00', '2025-12-14 02:41:31.383263+07:00', FALSE)
ON CONFLICT DO NOTHING;

-- Insert menu_items
INSERT INTO menu_items (item_id, name, price, category, description, image_url, is_available, created_at, updated_at, is_deleted) VALUES
    (1, 'Espresso', 60.0, 'Coffee', 'Rich and bold espresso shot', 'https://media.istockphoto.com/id/1126871442/th/%E0%B8%A3%E0%B8%B9%E0%B8%9B%E0%B8%96%E0%B9%88%E0%B8%B2%E0%B8%A2/%E0%B8%96%E0%B9%89%E0%B8%A7%E0%B8%A2%E0%B8%81%E0%B8%B2%E0%B9%81%E0%B8%9F.jpg?s=612x612&w=0&k=20&c=ysqwJEOIiihx8WRxpq25SbFiWnRGRxobpT54lpO2Qdc=', TRUE, '2025-12-13 14:22:53.113454+07:00', '2025-12-14 00:54:36.698544+07:00', FALSE),
    (2, 'Cappuccino', 80.0, 'Coffee', 'Espresso with steamed milk and foam', 'https://encrypted-tbn0.gstatic.com/images?q=tbn:ANd9GcSvthhy8frIY2WeY4dgkTfGd9zzChCeVpv5zw&s', TRUE, '2025-12-13 14:22:53.113454+07:00', '2025-12-14 00:55:15.601839+07:00', FALSE),
    (8, 'Chocolate Cake', 120.0, 'Bakery', 'Rich chocolate cake slice.', 'https://media.istockphoto.com/id/1370520449/photo/slice-of-chocolate-cake-with-glaze.jpg?s=612x612&w=0&k=20&c=KK-h7w4l0FNA0YMWvkr1X8UrAAB77z0f5tTByBYgReM=', TRUE, '2025-12-13 14:22:53.113454+07:00', '2025-12-14 02:52:18.926380+07:00', FALSE)
ON CONFLICT DO NOTHING;

-- Insert menu_item_ingredients
INSERT INTO menu_item_ingredients (item_id, ingredient_id, amount_required, unit, created_at, updated_at, is_deleted) VALUES
    (8, 7, 40.0, 'g', '2025-12-14 02:26:58.930177+07:00', '2025-12-14 02:26:58.930177+07:00', FALSE),
    (8, 9, 120.0, 'g', '2025-12-14 02:26:58.930332+07:00', '2025-12-14 02:26:58.930332+07:00', FALSE),
    (8, 8, 2.0, 'pieces', '2025-12-14 02:26:58.930228+07:00', '2025-12-14 02:26:58.930228+07:00', FALSE),
    (1, 1, 18.0, 'g', '2025-12-14 02:27:53.010659+07:00', '2025-12-14 02:27:53.010659+07:00', FALSE),
    (1, 11, 30.0, 'ml', '2025-12-14 02:28:29.780359+07:00', '2025-12-14 02:28:29.780359+07:00', FALSE),
    (8, 3, 0.5, 'kg', '2025-12-14 02:26:58.930009+07:00', '2025-12-14 02:32:46.128509+07:00', FALSE),
    (8, 10, 1.0, 'teaspoon', '2025-12-14 02:26:58.930293+07:00', '2025-12-14 02:41:47.476718+07:00', FALSE),
    (8, 2, 0.6, 'ml', '2025-12-13 16:45:50.766143+07:00', '2025-12-14 02:41:47.478069+07:00', FALSE)
ON CONFLICT DO NOTHING;

-- Insert inventory
INSERT INTO inventory (inventory_id, ingredient_id, quantity, min_threshold, employee_id, last_updated, created_at, updated_at, is_deleted) VALUES
    (5, 5, 200.0, 50.0, 1, '2025-12-13 14:22:53.126641+07:00', '2025-12-13 14:22:53.126641+07:00', '2025-12-13 14:22:53.126641+07:00', FALSE),
    (4, 4, 208.5, 10.0, 2, '2025-12-14 01:19:59.068080+07:00', '2025-12-13 14:22:53.126641+07:00', '2025-12-14 01:19:59.068080+07:00', FALSE),
    (9, 6, 22000.0, 200.0, NULL, '2025-12-14 02:25:06.479617+07:00', '2025-12-14 02:23:28.015729+07:00', '2025-12-14 02:25:06.479617+07:00', FALSE),
    (10, 7, 10.0, 40.0, 1, '2025-12-14 15:11:46.343675+07:00', '2025-12-14 02:24:04.479966+07:00', '2025-12-14 15:11:46.343675+07:00', FALSE),
    (11, 8, 84.0, 2.0, NULL, '2025-12-14 15:11:46.363645+07:00', '2025-12-14 02:24:28.676806+07:00', '2025-12-14 15:11:46.363645+07:00', FALSE),
    (12, 9, 90.0, 120.0, NULL, '2025-12-14 15:11:46.374969+07:00', '2025-12-14 02:24:50.676104+07:00', '2025-12-14 15:11:46.374969+07:00', FALSE),
    (3, 3, 341.0, 30.0, 1, '2025-12-14 15:11:46.382219+07:00', '2025-12-13 14:22:53.126641+07:00', '2025-12-14 15:11:46.382219+07:00', FALSE),
    (2, 2, 304.2, 20.0, 2, '2025-12-14 15:11:46.389651+07:00', '2025-12-13 14:22:53.126641+07:00', '2025-12-14 15:11:46.389651+07:00', FALSE),
    (14, 11, 1170.0, 200.0, NULL, '2025-12-14 03:30:20.709921+07:00', '2025-12-14 02:28:08.748599+07:00', '2025-12-14 03:30:20.709921+07:00', FALSE),
    (13, 10, 102.0, 2.0, NULL, '2025-12-14 15:11:46.396507+07:00', '2025-12-14 02:25:46.218952+07:00', '2025-12-14 15:11:46.396507+07:00', FALSE),
    (8, 1, 82.5, 20.0, NULL, '2025-12-14 03:47:45.011084+07:00', '2025-12-14 02:21:41.901629+07:00', '2025-12-14 03:47:45.011084+07:00', FALSE)
ON CONFLICT DO NOTHING;

-- Insert orders
INSERT INTO orders (order_id, customer_id, order_date, total_amount, status, created_at, updated_at, is_deleted) VALUES
    (2, 2, '2025-12-13', 190.0, 'completed', '2025-12-13 14:22:53.138986+07:00', '2025-12-13 14:22:53.138986+07:00', FALSE),
    (4, 3, '2025-12-12', 95.0, 'completed', '2025-12-13 14:22:53.138986+07:00', '2025-12-13 14:22:53.138986+07:00', FALSE),
    (6, 2, '2025-12-13', 190.0, 'completed', '2025-12-13 14:23:21.574456+07:00', '2025-12-13 14:23:21.574456+07:00', FALSE),
    (8, 3, '2025-12-12', 95.0, 'completed', '2025-12-13 14:23:21.574456+07:00', '2025-12-13 14:23:21.574456+07:00', FALSE),
    (1, 1, '2025-12-13', 240.0, 'completed', '2025-12-13 14:22:53.138986+07:00', '2025-12-13 16:18:12.549109+07:00', FALSE),
    (7, NULL, '2025-12-13', 170.0, 'completed', '2025-12-13 14:23:21.574456+07:00', '2025-12-14 00:18:59.997345+07:00', FALSE),
    (3, NULL, '2025-12-13', 170.0, 'completed', '2025-12-13 14:22:53.138986+07:00', '2025-12-14 00:19:01.471504+07:00', FALSE),
    (11, 5, '2025-12-13', 195.0, 'completed', '2025-12-14 01:18:20.963210+07:00', '2025-12-14 01:19:25.536006+07:00', FALSE),
    (10, 5, '2025-12-13', 495.0, 'completed', '2025-12-14 01:14:27.944862+07:00', '2025-12-14 01:20:10.947538+07:00', FALSE),
    (9, NULL, '2025-12-13', 280.0, 'completed', '2025-12-14 01:03:28.273356+07:00', '2025-12-14 01:20:13.130109+07:00', FALSE),
    (5, 1, '2025-12-13', 240.0, 'completed', '2025-12-13 14:23:21.574456+07:00', '2025-12-14 01:20:14.584449+07:00', FALSE),
    (12, 5, '2025-12-13', 260.0, 'completed', '2025-12-14 02:43:13.974177+07:00', '2025-12-14 02:43:52.518669+07:00', FALSE),
    (13, 5, '2025-12-13', 1200.0, 'completed', '2025-12-14 02:44:38.342392+07:00', '2025-12-14 02:54:15.173222+07:00', FALSE),
    (14, 5, '2025-12-13', 120.0, 'completed', '2025-12-14 02:54:38.854108+07:00', '2025-12-14 02:55:13.097760+07:00', FALSE),
    (15, 5, '2025-12-13', 120.0, 'completed', '2025-12-14 03:12:46.811699+07:00', '2025-12-14 03:12:54.556482+07:00', FALSE),
    (16, NULL, '2025-12-13', 120.0, 'completed', '2025-12-14 03:14:22.427843+07:00', '2025-12-14 03:14:32.349629+07:00', FALSE),
    (17, NULL, '2025-12-13', 60.0, 'completed', '2025-12-14 03:14:57.172536+07:00', '2025-12-14 03:30:20.735675+07:00', FALSE),
    (18, 5, '2025-12-13', 120.0, 'completed', '2025-12-14 03:38:43.674837+07:00', '2025-12-14 03:38:58.778855+07:00', FALSE),
    (20, 5, '2025-12-13', 120.0, 'completed', '2025-12-14 03:45:00.138010+07:00', '2025-12-14 03:46:12.827759+07:00', FALSE),
    (19, 5, '2025-12-13', 120.0, 'completed', '2025-12-14 03:43:19.238963+07:00', '2025-12-14 03:46:13.951318+07:00', FALSE),
    (21, 5, '2025-12-13', 1320.0, 'completed', '2025-12-14 03:47:12.343648+07:00', '2025-12-14 03:48:38.682614+07:00', FALSE),
    (22, 5, '2025-12-13', 120.0, 'completed', '2025-12-14 03:49:06.961318+07:00', '2025-12-14 03:49:32.114699+07:00', FALSE),
    (23, 5, '2025-12-13', 120.0, 'completed', '2025-12-14 03:50:09.791973+07:00', '2025-12-14 03:52:03.666673+07:00', FALSE),
    (24, 5, '2025-12-14', 120.0, 'completed', '2025-12-14 15:11:34.497203+07:00', '2025-12-14 15:11:46.402516+07:00', FALSE)
ON CONFLICT DO NOTHING;

-- Insert order_details
INSERT INTO order_details (order_id, item_id, quantity, unit_price, subtotal, created_at, updated_at, is_deleted) VALUES
    (1, 1, 2, 60.0, 120.0, '2025-12-13 14:22:53.138986+07:00', '2025-12-13 14:22:53.138986+07:00', FALSE),
    (1, 8, 1, 120.0, 120.0, '2025-12-13 14:22:53.138986+07:00', '2025-12-13 14:22:53.138986+07:00', FALSE),
    (2, 2, 1, 80.0, 80.0, '2025-12-13 14:22:53.138986+07:00', '2025-12-13 14:22:53.138986+07:00', FALSE),
    (2, 9, 2, 55.0, 110.0, '2025-12-13 14:22:53.138986+07:00', '2025-12-13 14:22:53.138986+07:00', FALSE),
    (3, 3, 2, 85.0, 170.0, '2025-12-13 14:22:53.138986+07:00', '2025-12-13 14:22:53.138986+07:00', FALSE),
    (4, 5, 1, 95.0, 95.0, '2025-12-13 14:22:53.138986+07:00', '2025-12-13 14:22:53.138986+07:00', FALSE),
    (5, 1, 2, 60.0, 120.0, '2025-12-13 14:23:21.574456+07:00', '2025-12-13 14:23:21.574456+07:00', FALSE),
    (5, 8, 1, 120.0, 120.0, '2025-12-13 14:23:21.574456+07:00', '2025-12-13 14:23:21.574456+07:00', FALSE),
    (6, 2, 1, 80.0, 80.0, '2025-12-13 14:23:21.574456+07:00', '2025-12-13 14:23:21.574456+07:00', FALSE),
    (6, 9, 2, 55.0, 110.0, '2025-12-13 14:23:21.574456+07:00', '2025-12-13 14:23:21.574456+07:00', FALSE),
    (7, 3, 2, 85.0, 170.0, '2025-12-13 14:23:21.574456+07:00', '2025-12-13 14:23:21.574456+07:00', FALSE),
    (8, 5, 1, 95.0, 95.0, '2025-12-13 14:23:21.574456+07:00', '2025-12-13 14:23:21.574456+07:00', FALSE),
    (9, 2, 2, 80.0, 160.0, '2025-12-14 01:03:28.273356+07:00', '2025-12-14 01:03:28.273356+07:00', FALSE),
    (9, 8, 1, 120.0, 120.0, '2025-12-14 01:03:28.273356+07:00', '2025-12-14 01:03:28.273356+07:00', FALSE),
    (10, 12, 1, 100.0, 100.0, '2025-12-14 01:14:27.944862+07:00', '2025-12-14 01:14:27.944862+07:00', FALSE),
    (10, 5, 1, 95.0, 95.0, '2025-12-14 01:14:27.944862+07:00', '2025-12-14 01:14:27.944862+07:00', FALSE),
    (10, 1, 1, 60.0, 60.0, '2025-12-14 01:14:27.944862+07:00', '2025-12-14 01:14:27.944862+07:00', FALSE),
    (10, 8, 2, 120.0, 240.0, '2025-12-14 01:14:27.944862+07:00', '2025-12-14 01:14:27.944862+07:00', FALSE),
    (11, 12, 1, 100.0, 100.0, '2025-12-14 01:18:20.963210+07:00', '2025-12-14 01:18:20.963210+07:00', FALSE),
    (11, 5, 1, 95.0, 95.0, '2025-12-14 01:18:20.963210+07:00', '2025-12-14 01:18:20.963210+07:00', FALSE),
    (12, 8, 1, 120.0, 120.0, '2025-12-14 02:43:13.974177+07:00', '2025-12-14 02:43:13.974177+07:00', FALSE),
    (12, 1, 1, 60.0, 60.0, '2025-12-14 02:43:13.974177+07:00', '2025-12-14 02:43:13.974177+07:00', FALSE),
    (12, 2, 1, 80.0, 80.0, '2025-12-14 02:43:13.974177+07:00', '2025-12-14 02:43:13.974177+07:00', FALSE),
    (13, 8, 10, 120.0, 1200.0, '2025-12-14 02:44:38.342392+07:00', '2025-12-14 02:44:38.342392+07:00', FALSE),
    (14, 8, 1, 120.0, 120.0, '2025-12-14 02:54:38.854108+07:00', '2025-12-14 02:54:38.854108+07:00', FALSE),
    (15, 8, 1, 120.0, 120.0, '2025-12-14 03:12:46.811699+07:00', '2025-12-14 03:12:46.811699+07:00', FALSE),
    (16, 8, 1, 120.0, 120.0, '2025-12-14 03:14:22.427843+07:00', '2025-12-14 03:14:22.427843+07:00', FALSE),
    (17, 1, 1, 60.0, 60.0, '2025-12-14 03:14:57.172536+07:00', '2025-12-14 03:14:57.172536+07:00', FALSE),
    (18, 8, 1, 120.0, 120.0, '2025-12-14 03:38:43.674837+07:00', '2025-12-14 03:38:43.674837+07:00', FALSE),
    (19, 8, 1, 120.0, 120.0, '2025-12-14 03:43:19.238963+07:00', '2025-12-14 03:43:19.238963+07:00', FALSE),
    (20, 8, 1, 120.0, 120.0, '2025-12-14 03:45:00.138010+07:00', '2025-12-14 03:45:00.138010+07:00', FALSE),
    (21, 8, 11, 120.0, 1320.0, '2025-12-14 03:47:12.343648+07:00', '2025-12-14 03:47:12.343648+07:00', FALSE),
    (22, 8, 1, 120.0, 120.0, '2025-12-14 03:49:06.961318+07:00', '2025-12-14 03:49:06.961318+07:00', FALSE),
    (23, 8, 1, 120.0, 120.0, '2025-12-14 03:50:09.791973+07:00', '2025-12-14 03:50:09.791973+07:00', FALSE),
    (24, 8, 1, 120.0, 120.0, '2025-12-14 15:11:34.497203+07:00', '2025-12-14 15:11:34.497203+07:00', FALSE)
ON CONFLICT DO NOTHING;

-- Insert payments
INSERT INTO payments (payment_id, order_id, payment_method, amount, status, payment_date, created_at, updated_at, is_deleted) VALUES
    (1, 9, 'cash', 280.0, 'pending', '2025-12-14 01:03:28.273356+07:00', '2025-12-14 01:03:28.273356+07:00', '2025-12-14 01:03:28.273356+07:00', FALSE),
    (2, 10, 'cash', 495.0, 'pending', '2025-12-14 01:14:27.944862+07:00', '2025-12-14 01:14:27.944862+07:00', '2025-12-14 01:14:27.944862+07:00', FALSE),
    (3, 11, 'cash', 195.0, 'pending', '2025-12-14 01:18:20.963210+07:00', '2025-12-14 01:18:20.963210+07:00', '2025-12-14 01:18:20.963210+07:00', FALSE),
    (4, 12, 'cash', 260.0, 'pending', '2025-12-14 02:43:13.974177+07:00', '2025-12-14 02:43:13.974177+07:00', '2025-12-14 02:43:13.974177+07:00', FALSE),
    (5, 13, 'cash', 1200.0, 'pending', '2025-12-14 02:44:38.342392+07:00', '2025-12-14 02:44:38.342392+07:00', '2025-12-14 02:44:38.342392+07:00', FALSE),
    (6, 14, 'cash', 120.0, 'pending', '2025-12-14 02:54:38.854108+07:00', '2025-12-14 02:54:38.854108+07:00', '2025-12-14 02:54:38.854108+07:00', FALSE),
    (7, 15, 'cash', 120.0, 'pending', '2025-12-14 03:12:46.811699+07:00', '2025-12-14 03:12:46.811699+07:00', '2025-12-14 03:12:46.811699+07:00', FALSE),
    (8, 16, 'cash', 120.0, 'pending', '2025-12-14 03:14:22.427843+07:00', '2025-12-14 03:14:22.427843+07:00', '2025-12-14 03:14:22.427843+07:00', FALSE),
    (9, 17, 'cash', 60.0, 'pending', '2025-12-14 03:14:57.172536+07:00', '2025-12-14 03:14:57.172536+07:00', '2025-12-14 03:14:57.172536+07:00', FALSE),
    (10, 18, 'cash', 99.9, 'pending', '2025-12-14 03:38:43.674837+07:00', '2025-12-14 03:38:43.674837+07:00', '2025-12-14 03:38:43.674837+07:00', FALSE),
    (11, 19, 'cash', 118.8, 'pending', '2025-12-14 03:43:19.238963+07:00', '2025-12-14 03:43:19.238963+07:00', '2025-12-14 03:43:19.238963+07:00', FALSE),
    (12, 20, 'cash', 118.8, 'pending', '2025-12-14 03:45:00.138010+07:00', '2025-12-14 03:45:00.138010+07:00', '2025-12-14 03:45:00.138010+07:00', FALSE),
    (13, 21, 'cash', 1320.0, 'pending', '2025-12-14 03:47:12.343648+07:00', '2025-12-14 03:47:12.343648+07:00', '2025-12-14 03:47:12.343648+07:00', FALSE),
    (14, 22, 'cash', 110.0, 'pending', '2025-12-14 03:49:06.961318+07:00', '2025-12-14 03:49:06.961318+07:00', '2025-12-14 03:49:06.961318+07:00', FALSE),
    (15, 23, 'cash', 114.4, 'pending', '2025-12-14 03:50:09.791973+07:00', '2025-12-14 03:50:09.791973+07:00', '2025-12-14 03:50:09.791973+07:00', FALSE),
    (16, 24, 'cash', 120.0, 'pending', '2025-12-14 15:11:34.497203+07:00', '2025-12-14 15:11:34.497203+07:00', '2025-12-14 15:11:34.497203+07:00', FALSE)
ON CONFLICT DO NOTHING;

-- Re-enable foreign key checks
-- SET session_replication_role = 'origin';

-- Export completed!